Movie_ID,budget,revenue,certification
0,,,
tt0113026,10000000.0,0.0,
tt0113092,0.0,0.0,
tt0116391,0.0,0.0,
tt0118694,150000.0,12854953.0,PG
tt0118852,0.0,0.0,R
tt0119273,15000000.0,0.0,R
tt0119495,0.0,0.0,R
tt0119806,0.0,0.0,
tt0120202,0.0,0.0,
tt0120263,0.0,80334.0,
tt0120467,120000.0,14904.0,R
tt0120626,6105121.0,0.0,
tt0120630,45000000.0,224834564.0,G
tt0120698,0.0,0.0,
tt0120733,0.0,0.0,NR
tt0120753,8000000.0,105983.0,R
tt0120755,125000000.0,546388105.0,PG-13
tt0120903,75000000.0,296339527.0,PG-13
tt0120913,75000000.0,36754634.0,PG
tt0120917,100000000.0,169327687.0,G
tt0122161,0.0,0.0,R
tt0122459,24000000.0,36609995.0,PG
tt0123003,10000000.0,0.0,
tt0123055,0.0,0.0,G
tt0127349,8500000.0,327418.0,R
tt0128158,0.0,0.0,
tt0130623,127500000.0,354248063.0,PG
tt0131704,76000000.0,35134820.0,PG
tt0132885,0.0,0.0,
tt0132910,10000000.0,0.0,R
tt0133752,0.0,0.0,
tt0134084,40000000.0,161834276.0,R
tt0134630,0.0,0.0,R
tt0134847,23000000.0,53187659.0,R
tt0134983,90000000.0,14828081.0,R
tt0135707,0.0,0.0,
tt0138288,0.0,0.0,
tt0138353,1700000.0,0.0,R
tt0138749,95000000.0,76432727.0,PG
tt0138818,0.0,0.0,PG-13
tt0138927,0.0,0.0,PG-13
tt0138946,0.0,0.0,R
tt0139388,0.0,0.0,PG
tt0139500,0.0,0.0,
tt0141926,62000000.0,127666415.0,PG-13
tt0142650,0.0,0.0,R
tt0143344,0.0,0.0,
tt0144084,7000000.0,34266564.0,R
tt0144142,3000000.0,0.0,R
tt0144528,84000000.0,123307945.0,PG-13
tt0144574,0.0,0.0,
tt0144608,0.0,0.0,PG
tt0144964,25000000.0,15843608.0,R
tt0146309,80000000.0,34566746.0,PG-13
tt0146882,30000000.0,47126295.0,R
tt0146984,80000000.0,39459427.0,PG-13
tt0147486,0.0,0.0,
tt0148421,0.0,0.0,
tt0149367,0.0,0.0,PG-13
tt0149624,57000000.0,0.0,PG-13
tt0151150,6900000.0,15000000.0,
tt0151309,0.0,0.0,
tt0153012,0.0,0.0,
tt0153100,0.0,0.0,
tt0153464,0.0,0.0,
tt0155150,0.0,0.0,R
tt0156020,0.0,0.0,
tt0156323,10000000.0,7201701.0,R
tt0156741,0.0,0.0,R
tt0156757,0.0,0.0,PG-13
tt0156807,0.0,0.0,PG-13
tt0156812,6000000.0,35547761.0,PG
tt0156841,25000000.0,24362772.0,PG-13
tt0156942,1200000.0,0.0,
tt0157122,0.0,0.0,R
tt0157202,0.0,0.0,
tt0157262,26000000.0,270813.0,R
tt0157836,0.0,0.0,
tt0158033,0.0,0.0,
tt0158622,83000000.0,59468275.0,PG
tt0159291,0.0,0.0,
tt0159371,0.0,0.0,
tt0159396,0.0,0.0,R
tt0159784,0.0,0.0,R
tt0160009,40000000.0,30199105.0,R
tt0160127,92000000.0,264105545.0,PG-13
tt0160256,0.0,0.0,
tt0160289,0.0,0.0,
tt0160403,0.0,0.0,R
tt0160434,0.0,0.0,R
tt0160447,0.0,0.0,
tt0160484,50000000.0,31355910.0,R
tt0160495,12000000.0,0.0,R
tt0160547,0.0,0.0,
tt0160611,0.0,0.0,
tt0160616,800000.0,0.0,
tt0160644,0.0,0.0,
tt0160652,0.0,0.0,R
tt0160663,0.0,0.0,
tt0160710,0.0,0.0,PG-13
tt0160749,0.0,0.0,PG
tt0160751,0.0,0.0,
tt0160759,0.0,0.0,
tt0160797,60000000.0,71000000.0,R
tt0160859,0.0,0.0,
tt0161003,0.0,0.0,
tt0161081,100000000.0,291420351.0,PG-13
tt0161216,0.0,0.0,
tt0162222,90000000.0,429632142.0,PG-13
tt0162650,46000000.0,107626125.0,R
tt0162711,0.0,0.0,R
tt0162983,60000000.0,51880044.0,PG-13
tt0163080,0.0,0.0,
tt0163125,0.0,0.0,
tt0163566,0.0,0.0,
tt0163676,15000000.0,5217498.0,PG-13
tt0163745,1000000.0,0.0,R
tt0163978,40000000.0,144056873.0,R
tt0163983,40000000.0,0.0,R
tt0164052,95000000.0,190213455.0,R
tt0164182,0.0,0.0,
tt0164192,0.0,0.0,
tt0164212,25000000.0,1308242.0,R
tt0164318,0.0,0.0,
tt0164545,0.0,0.0,
tt0164953,0.0,0.0,
tt0165400,0.0,0.0,
tt0165642,0.0,0.0,
tt0165800,0.0,0.0,
tt0165928,0.0,0.0,R
tt0165929,25000000.0,91036760.0,R
tt0166013,0.0,0.0,
tt0166192,0.0,0.0,
tt0166370,100000.0,0.0,
tt0167183,0.0,0.0,
tt0167203,34000000.0,14400327.0,PG-13
tt0168446,0.0,0.0,
tt0168504,0.0,0.0,R
tt0168509,0.0,0.0,
tt0168612,10000.0,10000.0,R
tt0168629,12800000.0,40031879.0,R
tt0168631,0.0,0.0,
tt0168714,0.0,0.0,
tt0168856,18000000.0,5595327.0,
tt0169122,0.0,0.0,
tt0169324,0.0,0.0,R
tt0169543,0.0,0.0,
tt0170016,123000000.0,345823040.0,PG
tt0170452,0.0,0.0,
tt0170691,10000000.0,148701.0,R
tt0171356,10000000.0,1631839.0,R
tt0171359,2000000.0,1568749.0,R
tt0171433,30000000.0,59945183.0,PG-13
tt0171580,24000000.0,0.0,R
tt0172464,0.0,0.0,
tt0172495,103000000.0,465361176.0,R
tt0172632,0.0,0.0,
tt0172699,0.0,0.0,
tt0172794,0.0,0.0,R
tt0172949,100000.0,0.0,R
tt0173568,0.0,0.0,
tt0173716,10000000.0,0.0,R
tt0174336,3000000.0,0.0,R
tt0174480,65000000.0,0.0,PG-13
tt0174646,0.0,0.0,
tt0175114,0.0,0.0,
tt0175142,19000000.0,278019771.0,R
tt0175526,0.0,0.0,R
tt0176244,0.0,0.0,
tt0176579,0.0,0.0,R
tt0176783,14000000.0,5108820.0,R
tt0177068,0.0,0.0,R
tt0177185,0.0,0.0,
tt0177195,30000.0,0.0,
tt0177213,0.0,0.0,
tt0177513,0.0,0.0,
tt0177650,16000000.0,146193.0,PG-13
tt0177845,0.0,0.0,
tt0177858,0.0,0.0,
tt0177888,0.0,27.0,R
tt0177971,120000000.0,325756637.0,PG-13
tt0178043,0.0,0.0,R
tt0178050,0.0,0.0,R
tt0179144,0.0,0.0,
tt0179183,11000000.0,0.0,R
tt0179400,0.0,0.0,
tt0179443,0.0,0.0,
tt0179473,4000000.0,0.0,R
tt0179653,0.0,0.0,
tt0179861,0.0,0.0,
tt0180073,13500000.0,7060876.0,
tt0180093,4500000.0,7390108.0,R
tt0180683,0.0,0.0,
tt0181151,60000000.0,0.0,R
tt0181311,0.0,0.0,
tt0181536,43000000.0,80049764.0,PG-13
tt0181836,0.0,0.0,R
tt0181865,48000000.0,207515725.0,R
tt0181875,60000000.0,47386287.0,NR
tt0181945,0.0,0.0,
tt0181984,7000000.0,28780255.0,R
tt0182295,13000000.0,299792.0,
tt0182508,0.0,0.0,R
tt0183056,0.0,0.0,
tt0183113,0.0,0.0,
tt0183142,0.0,0.0,
tt0183280,0.0,0.0,R
tt0183423,0.0,0.0,
tt0183488,0.0,0.0,
tt0183505,51000000.0,149270999.0,R
tt0183523,90000000.0,60874615.0,PG
tt0183550,0.0,0.0,
tt0183639,0.0,0.0,
tt0183659,6000000.0,10994533.0,R
tt0183808,3500000.0,0.0,
tt0183869,10500000.0,64400000.0,
tt0184457,0.0,0.0,
tt0184858,42000000.0,32168970.0,R
tt0184894,55000000.0,99274467.0,PG-13
tt0184907,13000000.0,62464731.0,PG
tt0185007,0.0,537.0,
tt0185014,35000000.0,0.0,R
tt0185183,73000000.0,29000000.0,PG-13
tt0185431,85000000.0,58292295.0,PG-13
tt0185542,0.0,0.0,
tt0186029,0.0,0.0,
tt0186045,6000000.0,15427192.0,PG-13
tt0186151,31000000.0,68106245.0,PG-13
tt0186183,700000.0,0.0,
tt0186454,0.0,0.0,
tt0186549,0.0,0.0,R
tt0186566,65000000.0,128884132.0,PG-13
tt0186719,0.0,0.0,
tt0186894,35000000.0,36779296.0,PG-13
tt0186975,9000000.0,0.0,PG-13
tt0187078,90000000.0,237202299.0,PG-13
tt0187387,0.0,0.0,PG-13
tt0187393,110000000.0,215294342.0,R
tt0187559,3000000.0,0.0,R
tt0187696,0.0,0.0,R
tt0187750,0.0,0.0,R
tt0187761,0.0,0.0,
tt0187847,0.0,0.0,
tt0188045,10000000.0,0.0,
tt0188055,0.0,0.0,R
tt0188160,10000000.0,0.0,
tt0188490,0.0,0.0,
tt0188518,0.0,0.0,
tt0188688,0.0,0.0,
tt0189456,0.0,0.0,
tt0189998,8000000.0,8279017.0,R
tt0190052,0.0,0.0,
tt0190138,41300000.0,106371651.0,R
tt0190332,17000000.0,213525736.0,
tt0190374,35000000.0,15185241.0,PG-13
tt0190398,0.0,0.0,PG
tt0190449,0.0,0.0,
tt0190524,0.0,0.0,PG-13
tt0190590,26000000.0,71870729.0,PG-13
tt0190736,0.0,0.0,
tt0190861,0.0,0.0,
tt0190865,75000000.0,215663859.0,PG-13
tt0190994,0.0,0.0,
tt0191037,0.0,14693.0,R
tt0191242,3500000.0,0.0,
tt0191397,50000000.0,50054511.0,PG-13
tt0191636,0.0,0.0,
tt0191754,43000000.0,6219894.0,PG-13
tt0191787,0.0,0.0,
tt0191996,0.0,0.0,R
tt0192126,0.0,0.0,
tt0192255,35000000.0,27965865.0,G
tt0192295,0.0,2061924.0,
tt0192346,0.0,0.0,
tt0192455,0.0,0.0,R
tt0192614,15000000.0,50802120.0,PG-13
tt0192719,0.0,0.0,
tt0192731,14000000.0,38574362.0,R
tt0192912,0.0,0.0,NR
tt0192949,0.0,0.0,
tt0193135,0.0,0.0,
tt0193318,0.0,0.0,
tt0193854,0.0,0.0,R
tt0193859,0.0,0.0,R
tt0194104,0.0,0.0,
tt0194218,1000000.0,779137.0,R
tt0194368,20000000.0,0.0,R
tt0194410,0.0,0.0,
tt0194519,0.0,0.0,NR
tt0195234,10000000.0,26330482.0,R
tt0195308,1250000.0,0.0,PG
tt0195631,0.0,0.0,
tt0195685,52000000.0,256271286.0,
tt0195714,23000000.0,112880294.0,
tt0195778,15000000.0,10873148.0,PG-13
tt0195857,500000.0,0.0,
tt0195860,0.0,0.0,
tt0195944,0.0,0.0,
tt0195945,11000000.0,59827328.0,R
tt0196106,4.0,1.0,PG
tt0196216,0.0,0.0,PG
tt0196219,0.0,0.0,R
tt0196223,0.0,0.0,NR
tt0196708,0.0,0.0,R
tt0196723,20000000.0,0.0,
tt0197072,0.0,0.0,
tt0197096,0.0,0.0,PG-13
tt0197299,0.0,0.0,
tt0197384,0.0,26394.0,
tt0197644,0.0,0.0,R
tt0197646,0.0,0.0,
tt0197750,4000000.0,0.0,R
tt0197753,0.0,0.0,R
tt0197951,0.0,0.0,
tt0198021,15000000.0,33771174.0,PG-13
tt0198284,0.0,0.0,R
tt0198386,0.0,0.0,PG-13
tt0198893,0.0,0.0,R
tt0198903,0.0,0.0,
tt0199129,0.0,0.0,R
tt0199290,6000000.0,9000000.0,R
tt0199314,0.0,802951.0,R
tt0199504,0.0,0.0,
tt0199650,2000000.0,0.0,R
tt0199725,20000000.0,27728118.0,PG-13
tt0199727,0.0,0.0,
tt0199744,0.0,0.0,
tt0199753,80000000.0,33463969.0,PG-13
tt0199974,0.0,0.0,R
tt0200171,0.0,0.0,
tt0200192,0.0,0.0,
tt0200427,0.0,0.0,R
tt0200472,0.0,0.0,
tt0200530,0.0,0.0,R
tt0200550,45000000.0,113916474.0,PG-13
tt0200669,15000000.0,5753678.0,R
tt0200720,10000000.0,5164404.0,
tt0201670,0.0,0.0,
tt0201726,0.0,0.0,R
tt0201737,0.0,0.0,
tt0201888,0.0,0.0,
tt0201899,0.0,0.0,PG-13
tt0201901,0.0,0.0,
tt0202236,0.0,0.0,
tt0202314,0.0,0.0,
tt0202402,15000000.0,9902115.0,PG-13
tt0202452,0.0,0.0,
tt0202560,0.0,0.0,
tt0202641,0.0,0.0,
tt0202677,8500000.0,19125401.0,R
tt0202711,0.0,0.0,
tt0202856,0.0,0.0,
tt0202989,0.0,0.0,R
tt0203019,32000000.0,82343495.0,
tt0203047,0.0,0.0,
tt0203053,0.0,0.0,
tt0203119,5000000.0,0.0,R
tt0203166,0.0,0.0,R
tt0203230,0.0,0.0,R
tt0203297,0.0,0.0,
tt0203540,0.0,1443067.0,R
tt0203580,0.0,0.0,
tt0203632,0.0,0.0,
tt0203830,0.0,0.0,R
tt0203835,0.0,0.0,
tt0203940,0.0,0.0,
tt0204137,3600000.0,43805.0,R
tt0204175,16000000.0,20627372.0,PG-13
tt0204350,1200000.0,1404.0,R
tt0204382,0.0,0.0,
tt0204626,33000000.0,0.0,R
tt0204640,0.0,1079726.0,
tt0204698,0.0,0.0,
tt0204885,0.0,0.0,
tt0204932,0.0,0.0,
tt0204933,0.0,0.0,
tt0204946,28000000.0,90449929.0,PG-13
tt0205177,0.0,0.0,
tt0205271,23000000.0,22844291.0,R
tt0205418,0.0,0.0,R
tt0205461,19000000.0,19748009.0,G
tt0205526,0.0,0.0,
tt0205729,0.0,0.0,
tt0205778,0.0,0.0,
tt0205873,0.0,0.0,PG-13
tt0205936,500000.0,0.0,
tt0206075,0.0,0.0,PG-13
tt0206088,0.0,0.0,
tt0206223,0.0,0.0,
tt0206226,1500000.0,268117.0,NR
tt0206420,8000000.0,0.0,R
tt0206545,0.0,0.0,
tt0206608,0.0,0.0,
tt0206694,0.0,0.0,
tt0206742,0.0,0.0,
tt0206917,20170000.0,1800000.0,
tt0206926,0.0,0.0,R
tt0207036,0.0,0.0,R
tt0207161,0.0,0.0,PG
tt0207163,0.0,0.0,
tt0207201,70000000.0,374111707.0,PG-13
tt0207333,1500000.0,0.0,PG
tt0207377,0.0,0.0,
tt0207501,0.0,0.0,
tt0207524,7300000.0,0.0,R
tt0207631,0.0,0.0,
tt0207638,0.0,0.0,
tt0207745,0.0,0.0,
tt0208003,30000000.0,173959438.0,PG-13
tt0208017,0.0,0.0,
tt0208037,0.0,0.0,R
tt0208050,0.0,0.0,
tt0208092,10000000.0,83557872.0,R
tt0208196,0.0,688510.0,R
tt0208204,0.0,0.0,
tt0208298,0.0,0.0,G
tt0208870,0.0,0.0,
tt0208874,20000000.0,22428990.0,R
tt0208883,0.0,0.0,
tt0208889,0.0,0.0,
tt0208911,0.0,0.0,R
tt0208942,0.0,0.0,
tt0208988,63600000.0,19412993.0,R
tt0208993,0.0,0.0,
tt0209037,0.0,0.0,R
tt0209144,9000000.0,39723096.0,R
tt0209180,0.0,0.0,
tt0209279,0.0,0.0,
tt0209322,0.0,0.0,R
tt0209958,33000000.0,104155843.0,R
tt0210065,0.0,30915.0,
tt0210070,5000000.0,0.0,R
tt0210075,0.0,0.0,
tt0210149,0.0,0.0,
tt0210299,0.0,0.0,PG-13
tt0210357,0.0,0.0,PG
tt0210358,0.0,1433668.0,PG-13
tt0210382,16000000.0,109130.0,R
tt0210567,0.0,0.0,PG-13
tt0210584,0.0,0.0,PG-13
tt0210616,29000000.0,26385941.0,PG-13
tt0210756,0.0,0.0,
tt0210945,30000000.0,136706683.0,PG
tt0210952,0.0,0.0,
tt0211181,85000000.0,183611771.0,G
tt0211309,0.0,0.0,
tt0211387,0.0,0.0,
tt0211492,1864747.0,0.0,
tt0211661,0.0,0.0,
tt0211718,0.0,124994.0,
tt0211919,0.0,0.0,
tt0211938,35000000.0,0.0,R
tt0211941,0.0,0.0,R
tt0212059,2500000.0,0.0,R
tt0212215,0.0,0.0,
tt0212338,55000000.0,330444045.0,PG-13
tt0212346,45000000.0,212000000.0,PG-13
tt0212604,0.0,0.0,R
tt0212667,0.0,0.0,
tt0212719,0.0,0.0,
tt0212742,0.0,0.0,R
tt0212815,0.0,512451.0,
tt0212826,0.0,0.0,
tt0212830,5000000.0,0.0,R
tt0212879,500000.0,0.0,R
tt0212881,0.0,0.0,
tt0212974,0.0,0.0,R
tt0213127,0.0,0.0,R
tt0213203,30000000.0,103291131.0,G
tt0213231,0.0,0.0,NR
tt0213446,0.0,0.0,
tt0213561,0.0,0.0,
tt0213690,0.0,0.0,
tt0213790,24000000.0,13700000.0,R
tt0213847,0.0,14493284.0,R
tt0213890,4000000.0,0.0,PG
tt0214140,0.0,0.0,
tt0214277,4500000.0,0.0,
tt0214388,0.0,0.0,R
tt0214548,0.0,0.0,
tt0214638,0.0,0.0,NC-17
tt0214646,0.0,0.0,
tt0214728,0.0,0.0,
tt0214757,0.0,0.0,Unrated
tt0214871,3000000.0,0.0,
tt0214878,0.0,0.0,
tt0215129,16000000.0,119754278.0,R
tt0215223,0.0,0.0,
tt0215232,0.0,0.0,R
tt0215458,0.0,0.0,
tt0215545,0.0,0.0,R
tt0215679,0.0,0.0,
tt0215681,0.0,0.0,
tt0215841,0.0,0.0,
tt0215941,0.0,0.0,
tt0216105,0.0,0.0,R
tt0216216,82000000.0,96085477.0,PG-13
tt0216279,0.0,0.0,
tt0216417,0.0,0.0,
tt0216522,0.0,0.0,
tt0216578,0.0,0.0,
tt0216587,0.0,0.0,
tt0216620,2500000.0,0.0,R
tt0216625,0.0,95242.0,
tt0216651,0.0,151086.0,R
tt0216669,0.0,0.0,
tt0216689,0.0,0.0,
tt0216772,0.0,0.0,R
tt0216787,0.0,0.0,
tt0216799,0.0,0.0,
tt0216800,0.0,3818452.0,
tt0216841,6850000.0,0.0,
tt0216890,0.0,0.0,
tt0216930,0.0,0.0,R
tt0216990,0.0,0.0,
tt0217019,0.0,0.0,
tt0217086,0.0,0.0,R
tt0217107,200000.0,1160268.0,R
tt0217119,0.0,0.0,
tt0217287,0.0,0.0,
tt0217331,0.0,0.0,R
tt0217355,0.0,0.0,R
tt0217621,0.0,0.0,R
tt0217630,0.0,0.0,PG-13
tt0217654,0.0,0.0,
tt0217756,24000000.0,12372410.0,PG-13
tt0217758,0.0,0.0,
tt0217780,0.0,0.0,
tt0217788,0.0,4275.0,
tt0217869,75000000.0,248118121.0,PG-13
tt0218067,0.0,0.0,
tt0218080,0.0,0.0,R
tt0218112,0.0,0.0,
tt0218138,1000000.0,0.0,
tt0218141,0.0,0.0,
tt0218182,0.0,0.0,R
tt0218298,0.0,0.0,NR
tt0218378,0.0,0.0,R
tt0218379,0.0,0.0,
tt0218426,0.0,0.0,
tt0218475,0.0,0.0,
tt0218533,0.0,0.0,
tt0218581,0.0,0.0,
tt0218616,0.0,0.0,
tt0218625,250000.0,0.0,PG-13
tt0218641,0.0,0.0,
tt0218741,0.0,0.0,
tt0218800,0.0,0.0,
tt0218839,0.0,0.0,PG-13
tt0218967,60000000.0,124700000.0,PG-13
tt0219210,0.0,0.0,
tt0219214,0.0,0.0,
tt0219223,0.0,0.0,
tt0219288,0.0,0.0,
tt0219333,0.0,0.0,
tt0219338,0.0,0.0,
tt0219469,0.0,0.0,
tt0219519,0.0,0.0,
tt0219636,850000.0,0.0,R
tt0219640,0.0,0.0,R
tt0219643,0.0,0.0,
tt0219653,28000000.0,47053625.0,R
tt0219699,10000000.0,12008642.0,R
tt0219854,65000000.0,110317580.0,PG
tt0219952,65000000.0,0.0,R
tt0220099,30000000.0,45554533.0,G
tt0220100,4000000.0,0.0,R
tt0220157,0.0,0.0,
tt0220332,0.0,0.0,
tt0220399,0.0,0.0,
tt0220627,0.0,0.0,
tt0220631,0.0,0.0,
tt0220651,0.0,0.0,
tt0220652,0.0,0.0,
tt0221069,0.0,0.0,R
tt0221073,0.0,236185.0,R
tt0221197,0.0,0.0,
tt0221431,0.0,0.0,
tt0221563,0.0,0.0,
tt0221823,0.0,0.0,
tt0221838,0.0,0.0,
tt0221885,0.0,0.0,
tt0221889,0.0,313768.0,R
tt0221928,0.0,676805.0,
tt0221982,0.0,0.0,
tt0222012,3900000.0,4900000.0,PG-13
tt0222020,0.0,0.0,
tt0222023,0.0,0.0,
tt0222270,0.0,0.0,
tt0222293,0.0,0.0,
tt0222375,6000000.0,0.0,
tt0222666,0.0,0.0,
tt0222717,0.0,0.0,NC-17
tt0222850,1000000.0,1744858.0,R
tt0222851,12000000.0,15250000.0,R
tt0222989,0.0,0.0,
tt0223268,0.0,0.0,
tt0223593,0.0,10000000.0,
tt0223744,0.0,0.0,R
tt0223856,0.0,0.0,
tt0223889,0.0,0.0,R
tt0223897,40000000.0,55707411.0,PG-13
tt0223911,0.0,0.0,
tt0223954,0.0,0.0,R
tt0224050,0.0,0.0,
tt0224086,0.0,0.0,R
tt0224394,0.0,0.0,
tt0224578,0.0,0.0,PG-13
tt0224755,0.0,0.0,
tt0225196,0.0,0.0,
tt0226094,0.0,0.0,R
tt0226198,0.0,0.0,
tt0226225,0.0,0.0,
tt0226238,0.0,0.0,
tt0226351,0.0,0.0,
tt0226430,0.0,0.0,
tt0226498,0.0,0.0,NR
tt0226708,0.0,0.0,
tt0227200,0.0,0.0,
tt0227224,0.0,0.0,
tt0227277,0.0,0.0,R
tt0227458,0.0,0.0,
tt0228004,0.0,0.0,
tt0228054,0.0,0.0,
tt0228121,0.0,0.0,
tt0228180,0.0,0.0,
tt0228242,0.0,0.0,
tt0228277,500000.0,0.0,
tt0228525,0.0,0.0,
tt0228687,0.0,0.0,
tt0228720,0.0,0.0,PG
tt0228750,65000000.0,0.0,R
tt0228786,2365000.0,0.0,R
tt0228871,0.0,0.0,
tt0228891,0.0,0.0,
tt0228982,0.0,0.0,
tt0228992,0.0,0.0,
tt0229226,0.0,0.0,
tt0229260,15000000.0,47737094.0,R
tt0229340,2000000.0,1075504.0,R
tt0229362,0.0,0.0,R
tt0229664,0.0,0.0,
tt0229752,0.0,0.0,
tt0229942,0.0,0.0,
tt0230030,48000000.0,90383208.0,PG-13
tt0230169,0.0,5708.0,
tt0230183,0.0,0.0,
tt0230189,0.0,0.0,
tt0230252,0.0,0.0,
tt0230308,0.0,0.0,
tt0230631,0.0,0.0,
tt0230783,0.0,0.0,
tt0231138,0.0,0.0,
tt0231153,0.0,0.0,
tt0231496,0.0,0.0,
tt0231615,0.0,0.0,
tt0231781,0.0,0.0,NR
tt0231956,0.0,0.0,
tt0231971,0.0,0.0,
tt0232079,0.0,0.0,
tt0232083,0.0,0.0,NR
tt0232465,0.0,0.0,
tt0232657,0.0,0.0,R
tt0232957,0.0,0.0,NR
tt0233289,0.0,0.0,
tt0233402,0.0,0.0,
tt0233569,0.0,0.0,R
tt0233600,0.0,0.0,
tt0233656,0.0,0.0,
tt0233699,0.0,112521.0,PG-13
tt0233764,0.0,0.0,
tt0233910,0.0,0.0,
tt0233954,0.0,0.0,
tt0234000,0.0,0.0,
tt0234058,0.0,0.0,
tt0234137,0.0,580372.0,
tt0234288,0.0,0.0,
tt0234393,0.0,0.0,
tt0234407,0.0,0.0,
tt0234499,0.0,0.0,
tt0234570,0.0,0.0,PG
tt0234652,3000000.0,0.0,
tt0234663,0.0,0.0,
tt0234805,0.0,671565.0,
tt0234811,0.0,0.0,
tt0234837,0.0,0.0,
tt0234853,0.0,4.0,R
tt0235079,0.0,0.0,
tt0235252,0.0,0.0,R
tt0235353,0.0,0.0,R
tt0235547,0.0,0.0,
tt0235618,0.0,0.0,
tt0235679,16000000.0,68411275.0,G
tt0235712,6000000.0,11918069.0,NR
tt0235953,0.0,0.0,
tt0235982,0.0,0.0,
tt0236019,0.0,0.0,
tt0236027,0.0,0.0,
tt0236034,0.0,0.0,
tt0236167,0.0,0.0,
tt0236432,0.0,0.0,
tt0236502,0.0,0.0,
tt0237121,0.0,0.0,
tt0237539,0.0,8478434.0,
tt0237680,1850000.0,0.0,
tt0237706,0.0,0.0,R
tt0237865,0.0,0.0,
tt0238119,0.0,0.0,
tt0238247,0.0,0.0,PG
tt0238251,0.0,0.0,
tt0238274,0.0,0.0,
tt0238276,0.0,0.0,
tt0238295,0.0,0.0,
tt0238321,0.0,47027.0,R
tt0238463,0.0,0.0,R
tt0238474,0.0,0.0,
tt0238588,0.0,0.0,PG
tt0238627,0.0,0.0,R
tt0238649,0.0,0.0,
tt0238660,0.0,0.0,PG
tt0238743,0.0,0.0,
tt0238883,1500000.0,1080000.0,
tt0238891,0.0,1805884.0,
tt0238994,0.0,0.0,
tt0239102,0.0,0.0,
tt0239267,0.0,0.0,
tt0239381,0.0,126783.0,NR
tt0239388,0.0,0.0,
tt0239406,0.0,0.0,
tt0239431,0.0,0.0,
tt0239450,0.0,0.0,
tt0239522,0.0,0.0,
tt0239792,0.0,0.0,
tt0239955,0.0,0.0,
tt0240156,0.0,0.0,
tt0240400,0.0,0.0,
tt0240500,0.0,0.0,R
tt0240509,0.0,0.0,
tt0240585,0.0,0.0,R
tt0240880,0.0,0.0,
tt0240913,0.0,0.0,NR
tt0241079,0.0,0.0,
tt0241142,0.0,0.0,
tt0241272,0.0,0.0,
tt0241303,25000000.0,152500343.0,PG-13
tt0241526,0.0,0.0,
tt0241657,0.0,0.0,
tt0242024,0.0,0.0,
tt0242337,0.0,0.0,
tt0242380,0.0,0.0,
tt0242423,13000000.0,73180723.0,PG-13
tt0242460,0.0,0.0,
tt0242519,0.0,0.0,
tt0242572,500000.0,500000.0,
tt0242716,0.0,0.0,R
tt0242795,0.0,326484.0,NR
tt0243116,0.0,0.0,
tt0243135,0.0,0.0,
tt0243171,0.0,0.0,
tt0243196,0.0,0.0,
tt0243327,0.0,0.0,
tt0243415,600000.0,173599.0,PG-13
tt0243441,0.0,0.0,
tt0243452,0.0,0.0,
tt0243483,0.0,0.0,
tt0243650,0.0,0.0,R
tt0243794,0.0,100957.0,
tt0243876,0.0,0.0,
tt0243889,0.0,0.0,
tt0243927,0.0,0.0,
tt0244092,0.0,0.0,
tt0244095,0.0,0.0,
tt0244196,0.0,0.0,R
tt0244316,0.0,0.0,
tt0244417,0.0,0.0,
tt0244437,0.0,0.0,
tt0244504,1900000.0,560943.0,
tt0244684,0.0,0.0,R
tt0244870,1000000.0,0.0,
tt0244884,0.0,0.0,
tt0245036,0.0,0.0,
tt0245062,0.0,0.0,
tt0245299,0.0,0.0,
tt0245348,0.0,0.0,
tt0245582,0.0,0.0,
tt0245712,2000000.0,20908467.0,R
tt0245724,0.0,0.0,
tt0245759,0.0,0.0,
tt0245825,0.0,0.0,
tt0245837,0.0,0.0,
tt0245910,0.0,0.0,
tt0245929,0.0,0.0,
tt0246072,0.0,0.0,R
tt0246124,0.0,0.0,NR
tt0246146,0.0,0.0,
tt0246266,0.0,0.0,
tt0246323,600000.0,0.0,
tt0246332,0.0,0.0,R
tt0246405,0.0,0.0,
tt0246411,0.0,0.0,
tt0246498,0.0,0.0,
tt0246593,0.0,0.0,
tt0246765,0.0,0.0,
tt0246776,0.0,0.0,
tt0246870,0.0,0.0,
tt0246875,0.0,0.0,
tt0246906,0.0,0.0,
tt0247061,0.0,0.0,
tt0247153,0.0,0.0,
tt0247196,0.0,8524534.0,R
tt0247586,1300000.0,12413888.0,R
tt0247796,0.0,0.0,
tt0247887,0.0,0.0,
tt0247953,0.0,0.0,
tt0247992,0.0,0.0,
tt0248099,0.0,0.0,
tt0248103,3000000.0,0.0,
tt0248180,0.0,0.0,
tt0248185,0.0,0.0,
tt0248254,0.0,0.0,
tt0248409,0.0,0.0,
tt0248628,0.0,0.0,
tt0248925,0.0,0.0,
tt0249172,0.0,0.0,
tt0249238,0.0,0.0,
tt0249241,0.0,25461.0,
tt0249380,0.0,940944.0,
tt0249412,0.0,0.0,
tt0249443,0.0,0.0,
tt0249462,5000000.0,109280263.0,PG-13
tt0249538,0.0,0.0,NR
tt0249757,0.0,0.0,
tt0249868,0.0,0.0,
tt0249892,0.0,0.0,R
tt0249893,0.0,0.0,PG-13
tt0250313,0.0,0.0,
tt0250343,0.0,0.0,
tt0250415,0.0,12000000.0,
tt0250445,0.0,0.0,
tt0250451,0.0,0.0,
tt0250478,0.0,0.0,NR
tt0250690,0.0,0.0,
tt0250774,0.0,0.0,
tt0250809,0.0,0.0,R
tt0250944,0.0,0.0,
tt0251004,0.0,0.0,
tt0251005,0.0,0.0,
tt0251046,0.0,0.0,
tt0251091,0.0,0.0,
tt0251094,0.0,0.0,
tt0251191,0.0,32395.0,
tt0251353,0.0,0.0,
tt0251402,0.0,0.0,
tt0251412,0.0,0.0,R
tt0251422,0.0,0.0,
tt0251433,0.0,0.0,
tt0251756,2300000.0,10000000.0,
tt0252327,0.0,0.0,
tt0252335,0.0,0.0,
tt0252445,0.0,0.0,R
tt0252703,0.0,0.0,
tt0252884,0.0,0.0,
tt0252985,0.0,0.0,
tt0253056,0.0,0.0,
tt0253063,0.0,0.0,
tt0253104,0.0,0.0,
tt0253110,0.0,0.0,R
tt0253486,0.0,0.0,
tt0253525,0.0,0.0,
tt0253700,120000.0,0.0,
tt0253842,0.0,0.0,
tt0254325,0.0,0.0,
tt0254705,0.0,0.0,
tt0255019,0.0,0.0,
tt0255067,0.0,0.0,
tt0255094,0.0,0.0,
tt0255112,0.0,0.0,
tt0255198,8300000.0,11068800.0,NR
tt0255305,0.0,0.0,
tt0255321,0.0,0.0,
tt0255325,0.0,0.0,
tt0255476,0.0,0.0,NC-17
tt0255589,50000.0,24963.0,
tt0256087,0.0,0.0,
tt0256127,0.0,0.0,
tt0256179,0.0,0.0,
tt0256375,0.0,0.0,R
tt0256378,0.0,0.0,
tt0256587,0.0,0.0,
tt0256630,0.0,0.0,
tt0256757,0.0,0.0,
tt0257255,1500000.0,0.0,
tt0257288,0.0,0.0,
tt0257289,0.0,0.0,
tt0257497,0.0,0.0,
tt0257818,0.0,0.0,
tt0257939,0.0,42250.0,
tt0258210,0.0,0.0,
tt0258247,0.0,0.0,NR
tt0258489,0.0,0.0,
tt0258501,0.0,0.0,
tt0258562,0.0,0.0,
tt0258635,0.0,0.0,
tt0258761,0.0,0.0,
tt0258854,77575.0,190441.0,
tt0258862,0.0,0.0,
tt0258883,0.0,0.0,
tt0258885,0.0,0.0,
tt0259023,0.0,0.0,
tt0259072,0.0,0.0,
tt0259216,0.0,0.0,NR
tt0259221,0.0,0.0,
tt0259255,0.0,0.0,NR
tt0259265,0.0,0.0,
tt0259343,0.0,0.0,
tt0259442,0.0,6831.0,
tt0259516,0.0,0.0,
tt0259741,0.0,0.0,
tt0259744,0.0,0.0,
tt0259974,5500000.0,16600000.0,PG
tt0260054,0.0,0.0,
tt0260332,0.0,0.0,
tt0260481,0.0,0.0,
tt0260688,0.0,0.0,
tt0260731,0.0,0.0,
tt0260960,0.0,0.0,
tt0260991,12500000.0,0.0,
tt0260992,0.0,0.0,
tt0261000,0.0,0.0,
tt0261125,0.0,0.0,
tt0261199,0.0,0.0,
tt0261326,0.0,0.0,
tt0261375,0.0,0.0,
tt0261552,0.0,0.0,
tt0261734,0.0,0.0,
tt0261959,0.0,0.0,
tt0262196,300000.0,0.0,
tt0262213,0.0,0.0,
tt0262221,0.0,0.0,R
tt0262222,0.0,0.0,
tt0262432,42000.0,241816.0,
tt0262560,1.0,0.0,
tt0262690,0.0,0.0,
tt0262774,0.0,0.0,
tt0263005,0.0,0.0,
tt0263101,0.0,0.0,
tt0263118,0.0,0.0,G
tt0263156,0.0,0.0,
tt0263334,0.0,0.0,
tt0263667,0.0,0.0,
tt0263971,0.0,0.0,
tt0264079,0.0,0.0,
tt0264335,0.0,0.0,
tt0264581,0.0,0.0,
tt0264675,0.0,0.0,R
tt0264692,0.0,0.0,
tt0264710,0.0,0.0,
tt0264916,0.0,0.0,
tt0264927,0.0,0.0,
tt0265018,0.0,0.0,
tt0265101,0.0,0.0,
tt0265107,0.0,0.0,
tt0265180,0.0,0.0,R
tt0265221,0.0,0.0,
tt0265357,0.0,0.0,R
tt0265496,0.0,0.0,
tt0265663,0.0,0.0,
tt0265675,0.0,0.0,
tt0265739,0.0,0.0,
tt0265828,0.0,0.0,
tt0265843,0.0,0.0,
tt0266054,0.0,0.0,
tt0266067,0.0,0.0,
tt0266308,4500000.0,30600000.0,NR
tt0266381,0.0,0.0,
tt0266408,13500000.0,145969.0,R
tt0266555,0.0,0.0,
tt0266634,0.0,0.0,
tt0266703,0.0,0.0,
tt0266705,0.0,0.0,
tt0266719,0.0,0.0,
tt0266821,0.0,0.0,
tt0266870,0.0,0.0,
tt0266945,0.0,0.0,
tt0267427,0.0,0.0,
tt0267490,0.0,0.0,
tt0267601,500000.0,0.0,
tt0267622,0.0,0.0,
tt0267784,0.0,0.0,
tt0267929,0.0,0.0,
tt0267959,0.0,0.0,
tt0268424,0.0,0.0,
tt0268581,0.0,0.0,
tt0268696,0.0,0.0,
tt0268776,0.0,0.0,
tt0269043,0.0,0.0,
tt0269084,0.0,0.0,
tt0269135,0.0,0.0,
tt0269182,0.0,0.0,
tt0269217,0.0,0.0,NR
tt0269546,0.0,0.0,
tt0269600,0.0,0.0,
tt0269642,0.0,0.0,
tt0269743,0.0,0.0,
tt0269763,2000000.0,0.0,
tt0269839,0.0,0.0,
tt0269856,0.0,0.0,
tt0269857,0.0,0.0,
tt0269876,0.0,0.0,
tt0270021,0.0,0.0,
tt0270059,0.0,0.0,
tt0270104,0.0,0.0,
tt0270348,0.0,0.0,
tt0270397,0.0,0.0,
tt0270500,0.0,0.0,
tt0270560,0.0,0.0,G
tt0270845,0.0,0.0,
tt0270880,0.0,0.0,
tt0270919,0.0,0.0,
tt0270933,0.0,0.0,PG-13
tt0271029,0.0,0.0,
tt0271193,0.0,0.0,
tt0271383,0.0,4903192.0,
tt0271719,0.0,0.0,
tt0272822,0.0,0.0,
tt0273259,0.0,0.0,
tt0273302,0.0,0.0,
tt0273514,0.0,0.0,
tt0273539,1750000.0,0.0,
tt0273567,0.0,0.0,
tt0274541,0.0,0.0,
tt0274626,0.0,0.0,
tt0274716,250000.0,1200000.0,
tt0274748,0.0,0.0,
tt0274947,0.0,0.0,
tt0275230,0.0,0.0,PG-13
tt0275538,0.0,0.0,
tt0275615,0.0,0.0,
tt0275735,0.0,0.0,
tt0275773,400000.0,0.0,
tt0275969,0.0,0.0,
tt0276226,0.0,0.0,
tt0276504,0.0,0.0,
tt0276637,0.0,0.0,
tt0277558,0.0,0.0,
tt0277799,0.0,0.0,
tt0277919,0.0,0.0,
tt0278162,0.0,0.0,
tt0278380,0.0,0.0,
tt0278666,0.0,0.0,
tt0278818,0.0,0.0,
tt0279809,0.0,0.0,R
tt0279960,0.0,0.0,
tt0279998,0.0,0.0,
tt0280140,0.0,0.0,
tt0280198,0.0,0.0,
tt0280465,0.0,0.0,
tt0280697,0.0,0.0,
tt0280791,30.0,0.0,
tt0282023,1000000.0,0.0,
tt0282159,0.0,0.0,
tt0282363,0.0,0.0,
tt0282455,0.0,0.0,
tt0282542,0.0,0.0,
tt0282599,0.0,0.0,
tt0282753,0.0,0.0,
tt0283037,0.0,0.0,
tt0283510,0.0,0.0,
tt0284235,0.0,0.0,
tt0284451,0.0,0.0,
tt0284469,0.0,1825000.0,
tt0284839,0.0,0.0,
tt0284878,0.0,0.0,
tt0284880,0.0,0.0,R
tt0285005,0.0,0.0,
tt0285242,0.0,0.0,PG-13
tt0285281,0.0,0.0,
tt0285896,0.0,0.0,
tt0285999,0.0,0.0,
tt0286553,0.0,0.0,
tt0289074,0.0,0.0,
tt0290298,0.0,0.0,
tt0291043,0.0,0.0,
tt0291962,0.0,0.0,
tt0292718,0.0,0.0,
tt0292997,0.0,0.0,
tt0293831,0.0,0.0,
tt0293854,0.0,0.0,G
tt0293865,0.0,0.0,
tt0293984,0.0,0.0,
tt0294604,0.0,0.0,
tt0294897,0.0,0.0,NC-17
tt0295362,0.0,0.0,
tt0296296,0.0,0.0,
tt0297071,0.0,0.0,
tt0297699,0.0,0.0,
tt0298505,0.0,0.0,
tt0300525,0.0,0.0,
tt0301083,0.0,0.0,
tt0301479,0.0,0.0,
tt0301527,0.0,0.0,
tt0301911,0.0,0.0,
tt0303243,1900000.0,240093.0,
tt0303274,0.0,0.0,
tt0304809,0.0,0.0,
tt0305211,0.0,0.0,
tt0305793,12.0,0.0,
tt0306874,0.0,0.0,
tt0309059,0.0,0.0,
tt0311582,0.0,0.0,
tt0311740,0.0,0.0,
tt0311792,0.0,0.0,
tt0312408,0.0,0.0,
tt0314079,0.0,0.0,
tt0315253,0.0,0.0,
tt0315375,0.0,0.0,
tt0317079,0.0,0.0,
tt0318844,0.0,0.0,
tt0320187,40000.0,0.0,NR
tt0322852,0.0,0.0,
tt0325174,0.0,0.0,
tt0325181,0.0,0.0,
tt0325758,0.0,0.0,NR
tt0326745,0.0,0.0,
tt0326756,0.0,0.0,
tt0330501,0.0,196200.0,
tt0330796,0.0,0.0,
tt0330994,0.0,0.0,
tt0331441,0.0,0.0,
tt0331906,0.0,0.0,
tt0331997,0.0,0.0,
tt0335053,0.0,0.0,
tt0338679,0.0,0.0,
tt0343392,0.0,0.0,
tt0345885,0.0,0.0,
tt0345975,0.0,0.0,
tt0346154,250000.0,0.0,
tt0347161,0.0,0.0,
tt0348087,0.0,0.0,
tt0349092,0.0,0.0,
tt0353523,0.0,0.0,
tt0353533,0.0,0.0,
tt0354894,0.0,0.0,
tt0355430,0.0,0.0,
tt0355449,0.0,0.0,
tt0356741,0.0,0.0,
tt0359190,0.0,0.0,
tt0361277,0.0,0.0,
tt0365581,0.0,0.0,NR
tt0367699,0.0,0.0,
tt0368561,0.0,0.0,
tt0368906,0.0,0.0,
tt0370584,0.0,0.0,
tt0379955,0.0,0.0,
tt0389238,0.0,0.0,
tt0395701,0.0,0.0,
tt0405312,0.0,0.0,
tt0412677,0.0,0.0,
tt0424986,0.0,0.0,
tt0434857,400.0,0.0,
tt0445061,0.0,0.0,
tt0446464,0.0,0.0,
tt0447604,0.0,0.0,
tt0451229,0.0,0.0,
tt0461021,0.0,0.0,
tt0477475,0.0,0.0,NR
tt0479692,0.0,0.0,
tt0487130,0.0,0.0,
tt0489447,0.0,0.0,
tt0494966,0.0,0.0,
tt0784145,0.0,0.0,
tt0814243,0.0,0.0,PG-13
tt0856262,0.0,0.0,
tt0885526,0.0,0.0,
tt0903904,0.0,0.0,
tt10137486,0.0,0.0,
tt1016145,0.0,0.0,
tt1020063,0.0,0.0,
tt1020940,94.0,0.0,NR
tt1068773,0.0,0.0,PG-13
tt10706980,0.0,0.0,
tt10718254,0.0,0.0,
tt1080035,0.0,0.0,
tt10875196,0.0,0.0,
tt1091840,0.0,0.0,
tt1147513,0.0,0.0,
tt12695338,0.0,0.0,NR
tt1291055,0.0,0.0,G
tt12940124,0.0,0.0,NR
tt13964346,0.0,0.0,
tt14438542,0.0,0.0,
tt14739558,0.0,0.0,
tt1601221,0.0,0.0,
tt16034784,0.0,0.0,NR
tt1604585,0.0,0.0,
tt1632588,0.0,0.0,
tt1703099,0.0,0.0,
tt1796560,0.0,0.0,
tt1831837,0.0,0.0,
tt1934227,0.0,0.0,
tt2004196,0.0,0.0,
tt2014238,0.0,0.0,
tt20852180,0.0,0.0,
tt2131677,0.0,0.0,
tt2156981,0.0,0.0,
tt2158453,0.0,0.0,
tt2180441,0.0,0.0,
tt2199776,0.0,0.0,
tt2266849,0.0,0.0,
tt2300977,0.0,0.0,
tt2385237,0.0,0.0,
tt2402945,0.0,0.0,
tt2661416,0.0,0.0,
tt2759362,0.0,0.0,
tt3034558,0.0,0.0,
tt3067204,0.0,0.0,NR
tt3186794,0.0,0.0,
tt3204902,0.0,0.0,
tt3379736,0.0,0.0,
tt3508164,0.0,0.0,
tt3626868,0.0,0.0,
tt4018476,0.0,0.0,
tt4036796,0.0,0.0,
tt4056390,0.0,0.0,
tt4164572,0.0,8.0,
tt4245838,0.0,0.0,
tt4472100,0.0,0.0,
tt4518384,0.0,0.0,
tt4794734,0.0,0.0,
tt5483330,0.0,0.0,
tt5493684,0.0,0.0,
tt6174238,0.0,0.0,
tt7029820,7000.0,0.0,
tt7197642,0.0,0.0,
tt7631368,10000000.0,0.0,NR
tt7802790,0.0,0.0,
tt0035423,48000000.0,76019048.0,PG-13
tt0114447,0.0,0.0,
tt0116916,0.0,0.0,PG
tt0118589,22000000.0,5271666.0,PG-13
tt0118652,1000000.0,0.0,R
tt0119004,0.0,6297.0,
tt0120166,0.0,0.0,NR
tt0120624,0.0,0.0,
tt0120681,35000000.0,74558115.0,R
tt0120737,93000000.0,871368364.0,PG-13
tt0120807,0.0,0.0,
tt0120824,38000000.0,24690441.0,R
tt0123581,0.0,0.0,
tt0124889,0.0,0.0,
tt0125022,35000000.0,57756408.0,PG-13
tt0126029,60000000.0,487853320.0,PG
tt0126899,150000.0,0.0,
tt0128165,0.0,0.0,
tt0132078,0.0,0.0,PG-13
tt0132245,94000000.0,54744738.0,PG-13
tt0133063,0.0,0.0,
tt0133152,100000000.0,362211740.0,PG-13
tt0139654,45000000.0,104876233.0,R
tt0141120,0.0,0.0,
tt0141907,90000000.0,10372291.0,R
tt0146316,115000000.0,274703340.0,PG-13
tt0148415,0.0,0.0,
tt0150021,10000000.0,0.0,R
tt0152083,0.0,0.0,
tt0153533,0.0,0.0,
tt0157007,1400000.0,0.0,
tt0157583,0.0,15705007.0,R
tt0159273,40000000.0,91753202.0,PG-13
tt0159378,0.0,0.0,
tt0160275,0.0,0.0,
tt0160399,40000000.0,8694320.0,R
tt0160905,0.0,0.0,
tt0161083,60000000.0,38400000.0,PG-13
tt0161860,0.0,0.0,R
tt0162030,0.0,0.0,R
tt0162203,0.0,0.0,
tt0162346,7000000.0,8800000.0,R
tt0163025,93000000.0,368780809.0,
tt0163246,0.0,0.0,
tt0163596,0.0,0.0,
tt0163764,0.0,0.0,
tt0164334,60000000.0,105178561.0,R
tt0164961,0.0,13240767.0,R
tt0165452,0.0,0.0,R
tt0165713,0.0,0.0,
tt0166110,10000000.0,7316658.0,R
tt0166158,4000000.0,6718.0,R
tt0166186,100.0,0.0,
tt0166276,75000000.0,5409517.0,PG-13
tt0166924,15000000.0,20271129.0,R
tt0167360,0.0,0.0,PG
tt0169102,5200000.0,8100000.0,PG
tt0170008,0.0,0.0,NR
tt0170367,380000.0,0.0,
tt0171339,0.0,0.0,
tt0172543,0.0,0.0,
tt0172995,0.0,0.0,
tt0173498,0.0,0.0,R
tt0173840,137000000.0,85131830.0,PG-13
tt0174732,0.0,0.0,
tt0176883,0.0,0.0,PG
tt0177885,3000000.0,0.0,
tt0177997,0.0,0.0,
tt0178642,0.0,0.0,R
tt0179344,0.0,0.0,R
tt0179435,0.0,0.0,R
tt0179626,60000000.0,56359980.0,R
tt0180679,0.0,0.0,PG-13
tt0180734,32000000.0,40222729.0,PG-13
tt0181739,75000000.0,13596911.0,PG
tt0182000,13500000.0,794481.0,
tt0182027,0.0,0.0,
tt0183790,65000000.0,117487473.0,PG-13
tt0184791,0.0,16017403.0,R
tt0186202,0.0,0.0,PG-13
tt0186589,11000000.0,13276953.0,PG-13
tt0188128,0.0,46352.0,NR
tt0188453,13000000.0,0.0,R
tt0188575,0.0,0.0,
tt0189192,35000000.0,16176732.0,PG
tt0189541,0.0,0.0,
tt0191177,0.0,0.0,
tt0192023,0.0,0.0,R
tt0192071,22000000.0,0.0,PG-13
tt0192111,14000000.0,13127022.0,PG-13
tt0192237,0.0,125734.0,
tt0193364,25000000.0,0.0,R
tt0193560,0.0,0.0,
tt0195393,0.0,0.0,
tt0196068,0.0,0.0,
tt0196069,3000000.0,0.0,
tt0196158,7000000.0,0.0,R
tt0196229,28000000.0,60780981.0,PG-13
tt0197862,0.0,0.0,
tt0197929,0.0,0.0,
tt0198781,115000000.0,579707738.0,G
tt0199481,15000000.0,0.0,
tt0199898,0.0,0.0,
tt0200027,48000000.0,35743308.0,PG-13
tt0200422,0.0,0.0,
tt0200483,0.0,0.0,
tt0200954,0.0,0.0,
tt0201020,0.0,0.0,PG-13
tt0201394,6000000.0,0.0,R
tt0201479,0.0,0.0,
tt0201485,0.0,0.0,PG-13
tt0201694,0.0,0.0,
tt0202294,0.0,0.0,
tt0202470,57000000.0,19334145.0,R
tt0203009,52500000.0,179213434.0,PG-13
tt0203078,0.0,0.0,
tt0203289,250000.0,0.0,
tt0203755,0.0,0.0,R
tt0203975,3300000.0,0.0,R
tt0204619,0.0,0.0,
tt0204700,0.0,9200.0,NR
tt0205498,0.0,0.0,
tt0205738,0.0,0.0,
tt0206113,13500000.0,517262.0,
tt0206184,0.0,0.0,
tt0206275,13000000.0,131706809.0,PG-13
tt0206314,23000000.0,36642838.0,R
tt0206367,0.0,628387.0,G
tt0206762,0.0,0.0,
tt0206963,5250000.0,595005.0,R
tt0207198,0.0,0.0,
tt0207585,0.0,0.0,PG
tt0207988,0.0,0.0,
tt0208899,0.0,0.0,PG-13
tt0208990,0.0,0.0,R
tt0209020,0.0,0.0,
tt0209109,0.0,0.0,
tt0209163,98000000.0,443280904.0,PG-13
tt0209253,0.0,0.0,
tt0209475,35000000.0,94728529.0,PG-13
tt0209486,0.0,0.0,
tt0209941,0.0,0.0,
tt0210094,15000000.0,0.0,R
tt0210362,0.0,0.0,
tt0210930,0.0,0.0,
tt0211443,11000000.0,16951798.0,R
tt0211465,15000000.0,12000000.0,R
tt0211915,10000000.0,173921954.0,R
tt0212048,0.0,0.0,
tt0212271,0.0,0.0,R
tt0212292,0.0,0.0,
tt0212294,0.0,0.0,
tt0212380,0.0,637769.0,R
tt0212495,0.0,0.0,
tt0212720,100000000.0,235926552.0,PG-13
tt0212827,0.0,0.0,
tt0212867,0.0,0.0,
tt0212910,0.0,0.0,PG
tt0212985,87000000.0,351692268.0,R
tt0213113,0.0,0.0,
tt0213149,140000000.0,449220945.0,PG-13
tt0213205,0.0,0.0,
tt0213642,2000000.0,0.0,
tt0213802,0.0,0.0,R
tt0214032,0.0,0.0,
tt0214106,0.0,0.0,R
tt0214520,0.0,0.0,
tt0214529,0.0,0.0,
tt0214619,0.0,0.0,R
tt0214723,0.0,0.0,
tt0215135,2300000.0,0.0,R
tt0215139,0.0,0.0,
tt0215516,0.0,0.0,R
tt0215519,0.0,0.0,
tt0215727,0.0,0.0,
tt0215750,68000000.0,96976270.0,R
tt0216196,0.0,0.0,R
tt0216982,0.0,0.0,
tt0217135,0.0,0.0,
tt0217570,0.0,0.0,
tt0217686,0.0,0.0,
tt0217824,0.0,0.0,
tt0217978,0.0,0.0,R
tt0217979,0.0,0.0,R
tt0218000,500000.0,0.0,
tt0218032,0.0,0.0,PG
tt0218053,0.0,0.0,R
tt0218107,0.0,0.0,NR
tt0218126,0.0,0.0,
tt0218323,0.0,0.0,
tt0218619,17000000.0,4299141.0,PG-13
tt0218727,0.0,0.0,R
tt0218817,30000000.0,18195610.0,PG-13
tt0218922,42000000.0,35402320.0,R
tt0218978,0.0,0.0,R
tt0219327,0.0,0.0,
tt0219336,0.0,0.0,
tt0219408,0.0,0.0,PG-13
tt0219687,0.0,86000.0,PG-13
tt0219822,6000000.0,1600000.0,R
tt0219957,0.0,0.0,R
tt0219965,75000000.0,67631903.0,PG-13
tt0220005,0.0,0.0,NR
tt0220034,0.0,0.0,
tt0220122,0.0,0.0,NR
tt0220331,0.0,0.0,
tt0220514,0.0,0.0,
tt0220580,0.0,1864185.0,R
tt0220827,4000000.0,0.0,R
tt0220864,0.0,0.0,
tt0221027,53000000.0,83282296.0,R
tt0221074,3000000.0,0.0,PG
tt0221218,30000000.0,23619609.0,PG-13
tt0221297,0.0,0.0,
tt0221559,7000000.0,0.0,R
tt0221799,0.0,850225.0,PG-13
tt0221837,0.0,0.0,
tt0222705,0.0,0.0,
tt0222849,78.0,0.0,
tt0223284,0.0,0.0,R
tt0223832,0.0,0.0,
tt0224084,0.0,0.0,
tt0224626,0.0,0.0,R
tt0225071,53000000.0,29700000.0,R
tt0225828,0.0,0.0,R
tt0226935,0.0,0.0,
tt0227005,5000000.0,5476060.0,R
tt0227194,5200000.0,5900000.0,
tt0227445,68000000.0,113579918.0,R
tt0227538,35000000.0,147934180.0,PG
tt0227984,27000000.0,12881605.0,R
tt0228333,28000000.0,14010832.0,R
tt0228488,0.0,0.0,
tt0228536,0.0,0.0,
tt0228690,0.0,0.0,
tt0228711,0.0,0.0,
tt0228878,0.0,0.0,R
tt0228977,0.0,0.0,R
tt0229002,0.0,0.0,
tt0229003,0.0,0.0,
tt0229021,0.0,0.0,
tt0229211,0.0,0.0,
tt0230011,120000000.0,186053725.0,PG
tt0230025,0.0,0.0,R
tt0230600,17000000.0,209947037.0,PG-13
tt0230838,40000000.0,65754228.0,PG-13
tt0231001,6000000.0,0.0,
tt0231402,21150000.0,39438674.0,PG
tt0231775,30000000.0,71186502.0,PG-13
tt0232015,0.0,0.0,
tt0232098,0.0,0.0,
tt0232231,0.0,0.0,
tt0232500,38000000.0,207283925.0,PG-13
tt0233142,62000000.0,18720175.0,R
tt0233481,0.0,0.0,
tt0233841,0.0,0.0,PG
tt0234354,6000000.0,2025238.0,R
tt0234829,34000000.0,19693891.0,PG-13
tt0235412,0.0,0.0,
tt0235497,0.0,645417.0,
tt0235606,0.0,0.0,
tt0235807,0.0,0.0,
tt0236026,0.0,0.0,
tt0236126,0.0,0.0,R
tt0236157,0.0,0.0,R
tt0236348,22000000.0,0.0,PG-13
tt0236474,0.0,0.0,
tt0236493,57000000.0,147845033.0,R
tt0236551,0.0,0.0,
tt0236600,0.0,0.0,
tt0236640,0.0,0.0,R
tt0236784,21000000.0,28008462.0,R
tt0237289,0.0,0.0,
tt0237295,5000.0,0.0,
tt0237320,10000.0,0.0,
tt0237534,29000000.0,70752904.0,R
tt0237572,35000000.0,29419291.0,R
tt0237687,0.0,0.0,
tt0237994,0.0,0.0,
tt0238112,57000000.0,62112895.0,R
tt0238137,0.0,0.0,R
tt0238552,17000000.0,894844.0,R
tt0238948,24000000.0,31600000.0,PG-13
tt0239020,0.0,0.0,
tt0239060,0.0,0.0,
tt0239224,0.0,0.0,
tt0239234,0.0,0.0,PG-13
tt0239238,0.0,0.0,
tt0239395,60000000.0,93375151.0,PG
tt0239467,0.0,0.0,
tt0239509,0.0,0.0,
tt0239570,0.0,0.0,
tt0239670,0.0,0.0,
tt0239948,22000000.0,19351569.0,PG-13
tt0239949,25000000.0,12320393.0,R
tt0239986,1000000.0,2402459.0,R
tt0240122,0.0,0.0,PG-13
tt0240149,0.0,0.0,
tt0240389,0.0,0.0,
tt0240402,0.0,0.0,
tt0240419,0.0,0.0,R
tt0240462,70000000.0,176104344.0,PG
tt0240515,14000000.0,14343028.0,R
tt0240659,0.0,0.0,
tt0240772,85000000.0,450717150.0,PG-13
tt0240890,28000000.0,77516304.0,PG-13
tt0241223,0.0,0.0,NR
tt0241254,0.0,0.0,
tt0241355,0.0,0.0,
tt0241498,0.0,0.0,
tt0241527,125000000.0,976475550.0,PG
tt0241683,0.0,0.0,
tt0241897,0.0,0.0,
tt0242150,100000.0,5000000.0,R
tt0242193,0.0,480811.0,R
tt0242252,30000000.0,1198113.0,R
tt0242445,50000000.0,79958599.0,R
tt0242508,0.0,0.0,R
tt0242527,0.0,7819851.0,R
tt0242587,700000.0,1667192.0,R
tt0242592,0.0,0.0,
tt0242746,0.0,0.0,
tt0242994,0.0,0.0,
tt0242998,10000000.0,16300000.0,R
tt0243017,0.0,3176880.0,R
tt0243059,0.0,0.0,
tt0243133,20000000.0,0.0,R
tt0243155,25000000.0,281929795.0,R
tt0243210,0.0,0.0,
tt0243222,0.0,0.0,
tt0243232,0.0,0.0,R
tt0243255,0.0,0.0,NR
tt0243278,0.0,0.0,
tt0243493,0.0,0.0,
tt0243508,0.0,0.0,NR
tt0243554,2000000.0,0.0,R
tt0243575,0.0,0.0,
tt0243595,0.0,0.0,R
tt0243609,14000000.0,0.0,R
tt0243655,5000000.0,295206.0,
tt0243759,0.0,0.0,
tt0243885,0.0,0.0,R
tt0243892,0.0,0.0,PG-13
tt0243907,0.0,0.0,
tt0243931,0.0,0.0,R
tt0243991,8000000.0,0.0,R
tt0244000,35000000.0,13678913.0,PG-13
tt0244071,0.0,0.0,
tt0244094,0.0,0.0,
tt0244244,102000000.0,147080413.0,R
tt0244297,0.0,0.0,
tt0244452,0.0,0.0,
tt0244471,0.0,0.0,
tt0244479,5000000.0,0.0,R
tt0244709,5000000.0,0.0,
tt0244803,0.0,0.0,
tt0244941,0.0,0.0,PG-13
tt0244970,23000000.0,38689940.0,PG-13
tt0245046,0.0,741394.0,PG-13
tt0245090,7500000.0,0.0,R
tt0245095,0.0,0.0,R
tt0245115,0.0,0.0,R
tt0245120,5000000.0,0.0,R
tt0245157,0.0,0.0,
tt0245171,0.0,0.0,
tt0245238,0.0,0.0,R
tt0245276,0.0,0.0,
tt0245317,0.0,0.0,R
tt0245350,0.0,0.0,NR
tt0245356,0.0,0.0,R
tt0245407,0.0,0.0,
tt0245429,19000000.0,274925095.0,PG
tt0245501,0.0,0.0,
tt0245574,5000000.0,33616692.0,NR
tt0245634,0.0,0.0,
tt0245674,42000000.0,68467960.0,R
tt0245686,17700000.0,30987695.0,PG-13
tt0245799,0.0,0.0,
tt0245866,0.0,0.0,
tt0245891,0.0,1.0,PG
tt0245904,0.0,0.0,
tt0245905,0.0,0.0,
tt0246000,0.0,0.0,
tt0246002,0.0,0.0,PG
tt0246037,0.0,0.0,R
tt0246108,0.0,0.0,
tt0246134,0.0,0.0,
tt0246197,0.0,0.0,
tt0246228,0.0,0.0,R
tt0246268,0.0,0.0,
tt0246278,0.0,0.0,
tt0246500,9000000.0,252706.0,R
tt0246514,0.0,0.0,
tt0246544,40000000.0,27053815.0,PG-13
tt0246578,6000000.0,7500000.0,
tt0246628,0.0,0.0,
tt0246730,0.0,0.0,
tt0246772,0.0,4160475.0,
tt0246965,0.0,0.0,PG-13
tt0246989,11000000.0,23430766.0,R
tt0247133,0.0,0.0,
tt0247199,1500000.0,1309316.0,R
tt0247303,15000000.0,163169.0,R
tt0247419,0.0,0.0,
tt0247425,1700000.0,0.0,R
tt0247427,0.0,0.0,
tt0247512,0.0,0.0,R
tt0247638,37000000.0,165335153.0,G
tt0247645,3000000.0,0.0,
tt0247745,1200000.0,18492362.0,R
tt0247786,4000000.0,0.0,
tt0247823,0.0,0.0,
tt0248123,0.0,0.0,
tt0248126,0.0,0.0,
tt0248164,200000.0,0.0,
tt0248190,0.0,0.0,
tt0248617,0.0,0.0,
tt0248661,0.0,0.0,NR
tt0248667,107000000.0,87713825.0,
tt0248742,0.0,0.0,R
tt0248845,0.0,0.0,R
tt0248966,0.0,0.0,
tt0249081,0.0,0.0,
tt0249082,0.0,0.0,
tt0249110,0.0,0.0,
tt0249261,0.0,0.0,
tt0249371,17000000.0,19000000.0,R
tt0249478,75000000.0,54249294.0,PG-13
tt0249511,3000000.0,0.0,
tt0249624,0.0,0.0,
tt0250081,0.0,0.0,R
tt0250125,0.0,0.0,
tt0250202,0.0,1051948.0,R
tt0250214,0.0,0.0,
tt0250224,13000000.0,16929123.0,PG-13
tt0250258,0.0,13782896.0,
tt0250274,0.0,0.0,R
tt0250282,0.0,28149.0,R
tt0250310,11000000.0,23978402.0,PG-13
tt0250323,3000000.0,10031529.0,R
tt0250347,0.0,0.0,R
tt0250371,7000000.0,4720371.0,
tt0250485,0.0,0.0,
tt0250491,0.0,0.0,
tt0250494,18000000.0,141774679.0,PG-13
tt0250613,0.0,0.0,R
tt0250617,0.0,0.0,R
tt0250625,0.0,0.0,
tt0250636,0.0,0.0,
tt0250687,48000000.0,85498534.0,
tt0250716,0.0,0.0,
tt0250720,0.0,0.0,PG
tt0251031,0.0,0.0,
tt0251052,0.0,0.0,
tt0251054,0.0,0.0,
tt0251057,0.0,0.0,R
tt0251075,80000000.0,98376292.0,PG-13
tt0251110,0.0,0.0,R
tt0251174,0.0,0.0,
tt0251193,0.0,0.0,
tt0251272,0.0,0.0,
tt0251294,0.0,0.0,
tt0251364,0.0,0.0,
tt0251369,0.0,0.0,
tt0251370,0.0,0.0,
tt0251415,0.0,0.0,R
tt0251661,0.0,0.0,
tt0251696,0.0,0.0,
tt0252223,15000000.0,23000.0,PG-13
tt0252225,0.0,0.0,
tt0252253,2.0,0.0,
tt0252299,15000000.0,0.0,R
tt0252480,0.0,0.0,
tt0252501,31000000.0,24185781.0,PG-13
tt0252503,35000000.0,28500000.0,R
tt0252684,0.0,0.0,
tt0252866,30000000.0,287553595.0,R
tt0252963,0.0,0.0,
tt0253114,250000.0,0.0,R
tt0253126,0.0,0.0,R
tt0253197,0.0,0.0,
tt0253200,0.0,0.0,PG-13
tt0253314,0.0,0.0,
tt0253335,0.0,0.0,
tt0253586,0.0,0.0,
tt0253798,24000000.0,14782676.0,PG-13
tt0253827,0.0,0.0,
tt0253840,0.0,0.0,PG-13
tt0254099,0.0,0.0,R
tt0254199,0.0,0.0,R
tt0254252,0.0,0.0,
tt0254284,0.0,0.0,
tt0254334,0.0,0.0,R
tt0254455,0.0,7640680.0,NR
tt0254610,0.0,0.0,
tt0254617,0.0,0.0,PG-13
tt0254622,0.0,0.0,
tt0254626,0.0,0.0,
tt0254686,3000000.0,9801375.0,R
tt0254791,0.0,0.0,
tt0255055,0.0,0.0,G
tt0255312,0.0,0.0,
tt0255653,0.0,4574762.0,PG-13
tt0255798,22000000.0,84772742.0,PG-13
tt0255819,16000000.0,29381649.0,R
tt0255909,0.0,0.0,
tt0256009,4500000.0,6582065.0,
tt0256084,0.0,0.0,
tt0256103,0.0,0.0,NR
tt0256155,0.0,0.0,
tt0256341,0.0,0.0,
tt0256359,0.0,0.0,R
tt0256374,0.0,0.0,
tt0256380,40000000.0,141069860.0,PG-13
tt0256524,0.0,0.0,PG-13
tt0256531,0.0,0.0,
tt0256666,0.0,0.0,
tt0256692,0.0,0.0,
tt0256856,0.0,0.0,
tt0257106,45000000.0,141220678.0,R
tt0257408,3000000.0,0.0,
tt0257721,0.0,0.0,
tt0257750,0.0,0.0,R
tt0258038,0.0,0.0,PG-13
tt0258127,0.0,0.0,
tt0258273,250000.0,4186931.0,
tt0258470,0.0,0.0,PG-13
tt0258827,0.0,0.0,
tt0258834,0.0,0.0,
tt0258967,0.0,0.0,
tt0259054,0.0,0.0,
tt0259060,0.0,0.0,
tt0259218,0.0,0.0,
tt0259289,0.0,0.0,
tt0259297,0.0,0.0,NR
tt0259386,0.0,0.0,
tt0259393,0.0,0.0,R
tt0259424,0.0,0.0,
tt0259497,0.0,0.0,R
tt0259711,68000000.0,203388341.0,R
tt0259730,0.0,306737.0,
tt0259929,0.0,0.0,
tt0259991,860000.0,0.0,
tt0260136,0.0,0.0,
tt0260216,0.0,0.0,
tt0260414,20000000.0,0.0,
tt0260522,4200000.0,0.0,
tt0260746,0.0,100420.0,R
tt0260866,50000000.0,100020092.0,R
tt0261066,0.0,0.0,R
tt0261311,4000000.0,0.0,
tt0261392,22000000.0,33788161.0,R
tt0261652,0.0,0.0,R
tt0261697,0.0,463780.0,
tt0261706,0.0,0.0,
tt0261755,400000.0,43719.0,
tt0261800,0.0,0.0,
tt0261983,1500000.0,1612259.0,R
tt0262345,0.0,0.0,
tt0262429,0.0,0.0,
tt0262462,0.0,0.0,
tt0262699,0.0,126.0,
tt0262828,0.0,0.0,
tt0262911,0.0,0.0,R
tt0262942,0.0,0.0,
tt0263215,0.0,10002.0,R
tt0263386,0.0,0.0,R
tt0263488,10000000.0,59217789.0,R
tt0263496,0.0,0.0,
tt0263657,0.0,0.0,NR
tt0263671,0.0,0.0,
tt0263725,0.0,0.0,R
tt0263728,20000000.0,6000000.0,
tt0263746,0.0,0.0,R
tt0264319,0.0,0.0,
tt0264355,0.0,0.0,
tt0264425,0.0,0.0,
tt0264508,4800000.0,0.0,
tt0264559,0.0,0.0,
tt0264605,0.0,0.0,
tt0264606,0.0,0.0,
tt0264616,11000000.0,17423030.0,R
tt0264761,1000000.0,10013424.0,R
tt0264792,0.0,0.0,
tt0264796,18000000.0,0.0,R
tt0265029,64400000.0,138191428.0,PG-13
tt0265086,92000000.0,172989651.0,R
tt0265087,50000000.0,33422806.0,PG-13
tt0265104,0.0,0.0,R
tt0265116,0.0,0.0,
tt0265118,0.0,0.0,R
tt0265171,1500000.0,0.0,PG-13
tt0265198,4000000.0,0.0,
tt0265226,0.0,0.0,
tt0265307,6500000.0,2006391.0,
tt0265343,0.0,0.0,R
tt0265452,0.0,0.0,
tt0265581,0.0,0.0,
tt0265611,0.0,0.0,
tt0265632,10000000.0,44460850.0,G
tt0265666,21000000.0,71441250.0,R
tt0265709,0.0,0.0,
tt0265713,0.0,0.0,R
tt0265752,0.0,0.0,R
tt0265773,0.0,0.0,
tt0265787,0.0,0.0,R
tt0265859,0.0,0.0,
tt0265930,0.0,0.0,R
tt0266041,0.0,0.0,
tt0266102,0.0,0.0,
tt0266391,7000000.0,3646994.0,PG-13
tt0266449,0.0,0.0,R
tt0266486,1300000.0,0.0,
tt0266529,0.0,0.0,
tt0266629,0.0,0.0,R
tt0266824,0.0,0.0,
tt0266915,90000000.0,347325802.0,PG-13
tt0266987,115000000.0,143049560.0,R
tt0267044,9360460.0,0.0,
tt0267129,15000000.0,1297401.0,
tt0267287,8000000.0,8826094.0,R
tt0267336,0.0,0.0,
tt0267414,0.0,0.0,
tt0267440,0.0,0.0,
tt0267659,0.0,0.0,
tt0267785,0.0,0.0,R
tt0267804,49000000.0,72689126.0,PG-13
tt0267989,0.0,0.0,R
tt0268040,0.0,0.0,
tt0268200,1000000.0,852206.0,PG-13
tt0268219,0.0,0.0,
tt0268397,25000000.0,80936232.0,G
tt0268437,0.0,0.0,
tt0268548,0.0,0.0,PG-13
tt0268579,0.0,0.0,
tt0268636,0.0,0.0,
tt0268690,0.0,0.0,R
tt0268711,3000000.0,3098924.0,
tt0268755,0.0,0.0,
tt0268762,1500000.0,0.0,R
tt0268917,0.0,0.0,
tt0268978,58000000.0,316800000.0,PG-13
tt0268995,72000000.0,37317558.0,PG
tt0269058,500000.0,0.0,
tt0269329,0.0,0.0,
tt0269341,13000000.0,22390000.0,R
tt0269356,0.0,0.0,
tt0269376,0.0,0.0,
tt0269408,0.0,0.0,R
tt0269499,0.0,0.0,
tt0269746,0.0,0.0,
tt0269771,0.0,0.0,
tt0269792,0.0,0.0,
tt0270259,0.0,0.0,R
tt0270270,0.0,0.0,R
tt0270480,4800000.0,0.0,
tt0270487,700000.0,0.0,
tt0270515,0.0,0.0,
tt0270569,0.0,0.0,
tt0270918,0.0,0.0,
tt0271017,0.0,0.0,
tt0271020,0.0,0.0,
tt0271027,25000000.0,64437847.0,R
tt0271053,0.0,0.0,
tt0271200,0.0,0.0,R
tt0271436,0.0,0.0,
tt0271538,0.0,0.0,
tt0271543,5000000.0,0.0,R
tt0271580,1200000.0,0.0,NR
tt0271788,0.0,0.0,
tt0271809,1900000.0,0.0,
tt0271946,25697387.0,790144.0,PG-13
tt0271972,570000.0,0.0,
tt0271982,0.0,0.0,
tt0271984,0.0,0.0,
tt0272020,72000000.0,27642707.0,R
tt0272036,0.0,0.0,R
tt0272068,0.0,0.0,
tt0272069,40000.0,0.0,
tt0272087,0.0,0.0,
tt0272152,48000000.0,50315140.0,PG-13
tt0272362,0.0,0.0,
tt0272440,0.0,0.0,
tt0272454,0.0,0.0,
tt0272563,0.0,0.0,
tt0272590,0.0,0.0,R
tt0272647,0.0,0.0,
tt0273048,0.0,0.0,R
tt0273057,0.0,0.0,R
tt0273083,0.0,0.0,
tt0273226,0.0,0.0,
tt0273228,0.0,0.0,
tt0273253,0.0,251058.0,
tt0273300,0.0,0.0,PG
tt0273311,0.0,0.0,
tt0273498,2500000.0,0.0,
tt0273607,0.0,299171.0,
tt0273650,0.0,0.0,NR
tt0273726,0.0,0.0,
tt0273799,25000000.0,18634654.0,G
tt0273812,0.0,0.0,
tt0273822,0.0,0.0,
tt0273833,0.0,0.0,
tt0273850,0.0,0.0,R
tt0273851,0.0,0.0,
tt0274057,1000000.0,0.0,
tt0274117,0.0,0.0,
tt0274181,0.0,0.0,
tt0274189,0.0,0.0,
tt0274323,0.0,0.0,
tt0274432,0.0,0.0,
tt0274472,0.0,0.0,R
tt0274497,0.0,215339.0,R
tt0274652,0.0,0.0,PG-13
tt0274680,0.0,0.0,
tt0274861,0.0,0.0,
tt0274868,0.0,0.0,
tt0274874,0.0,0.0,
tt0275067,0.0,0.0,
tt0275083,8000000.0,0.0,
tt0275182,0.0,0.0,
tt0275277,0.0,0.0,
tt0275468,0.0,0.0,
tt0275527,0.0,0.0,PG-13
tt0275611,4000000.0,0.0,
tt0275655,0.0,0.0,
tt0275681,0.0,0.0,
tt0275688,0.0,70569.0,R
tt0275719,100000.0,490475.0,
tt0275772,0.0,0.0,
tt0275876,0.0,0.0,
tt0275902,0.0,0.0,
tt0275913,0.0,0.0,
tt0276052,0.0,0.0,
tt0276198,0.0,0.0,G
tt0276276,0.0,0.0,
tt0276437,0.0,0.0,
tt0276501,0.0,0.0,
tt0276584,300000.0,0.0,
tt0276607,0.0,0.0,
tt0276617,250000.0,0.0,
tt0276773,0.0,0.0,
tt0276818,0.0,0.0,
tt0276820,0.0,0.0,
tt0276837,0.0,0.0,
tt0276868,0.0,0.0,R
tt0276893,0.0,0.0,
tt0276971,0.0,0.0,
tt0276977,50.0,60.0,R
tt0277027,22000000.0,92542418.0,PG-13
tt0277044,0.0,0.0,
tt0277092,0.0,0.0,
tt0277255,0.0,0.0,
tt0277327,0.0,0.0,
tt0277371,16000000.0,66468332.0,R
tt0277386,0.0,0.0,
tt0277588,0.0,0.0,
tt0277622,0.0,0.0,
tt0277688,0.0,0.0,
tt0277705,0.0,0.0,R
tt0277713,0.0,0.0,R
tt0277800,0.0,0.0,
tt0277909,0.0,0.0,
tt0277925,0.0,0.0,
tt0277928,0.0,0.0,
tt0277975,0.0,0.0,
tt0278006,0.0,0.0,
tt0278026,0.0,0.0,
tt0278044,0.0,0.0,
tt0278159,0.0,0.0,
tt0278412,0.0,0.0,
tt0278413,0.0,0.0,
tt0278487,0.0,0.0,
tt0278488,12000000.0,31155435.0,
tt0278674,0.0,0.0,
tt0278675,0.0,10000000.0,
tt0278783,0.0,0.0,
tt0278976,0.0,0.0,
tt0279064,0.0,0.0,
tt0279065,0.0,0.0,
tt0279083,0.0,0.0,
tt0279112,9400000.0,20000000.0,NR
tt0279231,0.0,0.0,
tt0279248,0.0,0.0,
tt0279286,0.0,0.0,
tt0279479,0.0,0.0,NR
tt0279483,0.0,0.0,
tt0279485,0.0,0.0,
tt0279494,0.0,0.0,
tt0279523,0.0,0.0,
tt0279623,0.0,0.0,
tt0279695,3000000.0,0.0,
tt0279783,0.0,0.0,
tt0279889,38000000.0,24516772.0,PG
tt0279926,0.0,0.0,
tt0279977,0.0,0.0,
tt0280001,0.0,0.0,
tt0280015,0.0,0.0,
tt0280096,0.0,0.0,
tt0280193,0.0,0.0,
tt0280381,200000.0,0.0,
tt0280383,0.0,0.0,NR
tt0280424,0.0,0.0,
tt0280456,0.0,0.0,R
tt0280707,19800000.0,87754044.0,R
tt0280732,0.0,0.0,
tt0280733,0.0,0.0,
tt0280778,5500000.0,16153953.0,R
tt0280788,0.0,0.0,
tt0280933,0.0,0.0,
tt0280956,0.0,0.0,
tt0280962,0.0,0.0,
tt0281094,0.0,0.0,
tt0281144,0.0,0.0,
tt0281202,0.0,0.0,
tt0281203,165000.0,0.0,R
tt0281206,0.0,0.0,
tt0281214,0.0,0.0,
tt0281339,0.0,0.0,
tt0281357,0.0,0.0,
tt0281364,15300000.0,10366360.0,
tt0281398,0.0,0.0,
tt0281615,575100.0,0.0,
tt0281680,600000.0,1023156.0,PG-13
tt0281718,0.0,0.0,
tt0281810,0.0,0.0,
tt0281954,0.0,0.0,
tt0282108,18000000.0,0.0,
tt0282163,0.0,0.0,R
tt0282179,0.0,0.0,R
tt0282184,0.0,0.0,
tt0282484,500000.0,0.0,
tt0282489,0.0,0.0,R
tt0282496,0.0,0.0,R
tt0282526,0.0,0.0,
tt0282528,0.0,0.0,
tt0282589,0.0,0.0,NR
tt0282628,0.0,0.0,
tt0282701,0.0,0.0,
tt0282744,0.0,0.0,
tt0282768,0.0,0.0,PG
tt0282776,0.0,0.0,
tt0282965,0.0,0.0,
tt0283015,4000000.0,0.0,
tt0283027,0.0,0.0,R
tt0283079,0.0,0.0,
tt0283086,0.0,0.0,
tt0283269,0.0,0.0,
tt0283283,0.0,0.0,R
tt0283288,0.0,0.0,R
tt0283309,0.0,0.0,
tt0283323,0.0,0.0,R
tt0283337,0.0,0.0,
tt0283366,0.0,0.0,
tt0283372,0.0,0.0,
tt0283380,0.0,0.0,
tt0283387,0.0,0.0,R
tt0283422,0.0,0.0,
tt0283428,0.0,0.0,
tt0283429,0.0,0.0,
tt0283431,0.0,0.0,
tt0283504,0.0,0.0,
tt0283509,1012153.0,0.0,
tt0283534,0.0,0.0,
tt0283539,0.0,0.0,
tt0283623,0.0,0.0,
tt0283641,0.0,0.0,
tt0283663,0.0,0.0,
tt0283911,0.0,0.0,
tt0283952,0.0,0.0,
tt0283960,0.0,0.0,
tt0284007,0.0,0.0,
tt0284137,0.0,0.0,
tt0284182,0.0,0.0,
tt0284189,250000.0,0.0,
tt0284214,0.0,0.0,
tt0284229,0.0,0.0,
tt0284233,0.0,0.0,PG-13
tt0284253,0.0,0.0,
tt0284470,0.0,0.0,
tt0284491,1200000.0,0.0,
tt0284492,0.0,0.0,
tt0284525,0.0,0.0,
tt0284573,0.0,0.0,NR
tt0284769,0.0,0.0,
tt0284815,0.0,0.0,
tt0284867,0.0,0.0,
tt0284907,0.0,0.0,
tt0284970,0.0,0.0,
tt0285066,0.0,0.0,
tt0285100,0.0,0.0,
tt0285166,0.0,0.0,
tt0285178,0.0,0.0,
tt0285280,0.0,0.0,
tt0285433,0.0,0.0,
tt0285440,0.0,0.0,
tt0285441,1934000.0,3786801.0,R
tt0285681,0.0,0.0,
tt0285685,0.0,0.0,
tt0285698,0.0,0.0,R
tt0285742,4000000.0,44909486.0,R
tt0285848,0.0,0.0,
tt0285954,0.0,0.0,
tt0285963,0.0,0.0,
tt0286055,1000000.0,0.0,R
tt0286098,0.0,35000000.0,
tt0286112,10000005.0,42776760.0,
tt0286249,0.0,0.0,
tt0286476,0.0,0.0,
tt0286484,0.0,0.0,R
tt0286613,0.0,0.0,
tt0286623,0.0,0.0,
tt0286635,0.0,0.0,
tt0286751,25000000.0,318451.0,R
tt0286795,0.0,0.0,
tt0286797,0.0,0.0,
tt0286917,0.0,60700.0,
tt0287031,0.0,0.0,
tt0287045,0.0,0.0,
tt0287048,0.0,0.0,
tt0287092,0.0,0.0,
tt0287100,0.0,0.0,
tt0287112,0.0,0.0,
tt0287155,0.0,0.0,
tt0287330,0.0,0.0,
tt0287471,0.0,0.0,
tt0287635,0.0,28023563.0,G
tt0287645,0.0,0.0,
tt0287803,0.0,0.0,
tt0287811,0.0,1138807.0,
tt0287915,0.0,0.0,
tt0287934,0.0,0.0,
tt0287986,0.0,0.0,
tt0288024,0.0,0.0,
tt0288092,0.0,0.0,
tt0288115,0.0,0.0,
tt0288142,0.0,0.0,
tt0288192,100000.0,0.0,
tt0288215,0.0,0.0,R
tt0288260,0.0,0.0,
tt0288480,0.0,0.0,
tt0288491,0.0,0.0,
tt0288520,0.0,0.0,
tt0288562,0.0,0.0,
tt0288602,0.0,0.0,
tt0288626,0.0,0.0,
tt0288719,0.0,0.0,
tt0288808,0.0,0.0,
tt0288869,0.0,0.0,
tt0289054,0.0,0.0,
tt0289132,0.0,0.0,
tt0289181,0.0,0.0,
tt0289213,0.0,0.0,
tt0289730,0.0,0.0,
tt0289845,0.0,0.0,
tt0290006,0.0,0.0,
tt0290028,0.0,0.0,
tt0290082,0.0,0.0,R
tt0290322,0.0,0.0,
tt0290326,0.0,1486992.0,
tt0290329,60400.0,0.0,R
tt0290332,7000000.0,10229331.0,PG
tt0290498,0.0,0.0,
tt0290661,0.0,0.0,
tt0290662,0.0,52462.0,
tt0290714,0.0,0.0,
tt0290745,0.0,0.0,
tt0290823,0.0,0.0,
tt0290824,0.0,0.0,
tt0290841,0.0,0.0,
tt0290858,0.0,0.0,PG-13
tt0290879,0.0,0.0,
tt0290884,0.0,0.0,PG
tt0290941,0.0,0.0,
tt0291046,0.0,0.0,
tt0291183,0.0,0.0,
tt0291265,0.0,0.0,R
tt0291327,0.0,0.0,
tt0291341,0.0,0.0,R
tt0291350,0.0,37641.0,
tt0291368,0.0,0.0,
tt0291424,0.0,0.0,R
tt0291454,0.0,0.0,
tt0291507,0.0,0.0,
tt0291530,0.0,0.0,
tt0291559,0.0,0.0,R
tt0291935,0.0,0.0,
tt0291959,0.0,0.0,G
tt0292346,0.0,0.0,
tt0292429,0.0,0.0,
tt0292432,0.0,0.0,
tt0292459,0.0,0.0,
tt0292490,2079000.0,4099000.0,
tt0292502,0.0,0.0,
tt0292542,0.0,0.0,R
tt0292707,0.0,0.0,
tt0292887,0.0,0.0,
tt0292895,0.0,0.0,
tt0292964,0.0,0.0,
tt0292996,0.0,0.0,PG
tt0293049,0.0,0.0,
tt0293083,0.0,0.0,
tt0293176,0.0,0.0,R
tt0293280,0.0,0.0,
tt0293416,15000000.0,4035192.0,PG-13
tt0293478,0.0,0.0,
tt0293552,0.0,0.0,
tt0293664,0.0,0.0,
tt0293667,0.0,0.0,
tt0293715,0.0,0.0,
tt0293720,0.0,0.0,
tt0293849,0.0,14846994.0,
tt0293859,0.0,0.0,
tt0294251,0.0,0.0,
tt0294289,344.0,342855.0,
tt0294353,0.0,0.0,
tt0294413,0.0,0.0,R
tt0294578,200000.0,0.0,
tt0294640,0.0,0.0,
tt0294707,0.0,1260921.0,
tt0294916,0.0,0.0,
tt0294939,0.0,0.0,
tt0294949,0.0,0.0,
tt0295152,0.0,0.0,
tt0295165,0.0,0.0,
tt0295171,0.0,0.0,
tt0295179,0.0,0.0,
tt0295192,0.0,0.0,
tt0295197,0.0,0.0,
tt0295206,0.0,0.0,NR
tt0295258,0.0,0.0,
tt0295281,0.0,0.0,
tt0295368,0.0,0.0,
tt0295461,0.0,0.0,
tt0295473,0.0,0.0,
tt0295552,5000000.0,0.0,
tt0295556,0.0,0.0,
tt0295578,0.0,756370.0,
tt0295581,0.0,0.0,
tt0295640,0.0,0.0,
tt0295671,0.0,0.0,
tt0295715,0.0,0.0,
tt0295925,5200000.0,0.0,
tt0296008,0.0,0.0,
tt0296032,0.0,0.0,
tt0296042,1400010.0,80631.0,
tt0296067,0.0,0.0,NR
tt0296074,0.0,0.0,
tt0296210,0.0,0.0,
tt0296494,0.0,0.0,
tt0296621,0.0,0.0,
tt0296658,0.0,0.0,
tt0296696,0.0,0.0,
tt0296845,0.0,0.0,PG
tt0296919,0.0,0.0,
tt0297024,0.0,0.0,PG-13
tt0297080,0.0,0.0,R
tt0297241,0.0,0.0,
tt0297259,0.0,0.0,
tt0297319,0.0,0.0,
tt0297384,0.0,0.0,
tt0297398,0.0,0.0,
tt0297403,0.0,0.0,
tt0297414,0.0,0.0,
tt0297441,0.0,0.0,
tt0297462,0.0,0.0,
tt0297721,0.0,0.0,
tt0297769,0.0,0.0,R
tt0297856,0.0,0.0,
tt0297905,0.0,0.0,
tt0297928,0.0,0.0,
tt0298109,0.0,0.0,
tt0298127,0.0,0.0,
tt0298293,0.0,0.0,NR
tt0298412,0.0,0.0,
tt0298786,0.0,0.0,
tt0298826,0.0,0.0,
tt0298865,0.0,0.0,
tt0298943,0.0,0.0,
tt0298954,1750000.0,0.0,
tt0299088,0.0,0.0,
tt0299109,0.0,0.0,
tt0299213,0.0,0.0,
tt0299549,0.0,0.0,NC-17
tt0299594,0.0,0.0,
tt0299712,0.0,0.0,R
tt0299744,0.0,0.0,
tt0299876,0.0,0.0,
tt0299937,0.0,0.0,
tt0300016,0.0,0.0,
tt0300028,0.0,0.0,
tt0300197,0.0,0.0,
tt0300456,0.0,0.0,
tt0300522,0.0,0.0,
tt0300528,0.0,0.0,
tt0300633,0.0,0.0,
tt0300657,4600000.0,0.0,
tt0300692,0.0,0.0,
tt0301254,0.0,0.0,
tt0301429,0.0,0.0,
tt0301520,0.0,0.0,
tt0301677,0.0,0.0,
tt0302309,0.0,0.0,NR
tt0302432,0.0,0.0,
tt0302538,0.0,0.0,
tt0302612,0.0,0.0,
tt0302819,0.0,0.0,PG
tt0303103,0.0,0.0,R
tt0303260,0.0,0.0,
tt0303346,12000.0,0.0,
tt0303396,0.0,0.0,
tt0303397,0.0,0.0,
tt0303408,0.0,0.0,
tt0303648,0.0,0.0,
tt0303677,0.0,0.0,NC-17
tt0303720,0.0,0.0,
tt0303998,0.0,0.0,
tt0304091,0.0,0.0,
tt0304098,0.0,0.0,
tt0304230,0.0,0.0,
tt0304262,0.0,0.0,
tt0304628,0.0,0.0,
tt0304695,0.0,0.0,
tt0304704,0.0,0.0,
tt0304753,0.0,0.0,
tt0304769,0.0,0.0,
tt0304790,0.0,0.0,NR
tt0304866,0.0,0.0,
tt0304874,0.0,0.0,
tt0305240,0.0,0.0,
tt0305563,300.0,0.0,
tt0305647,0.0,0.0,
tt0305831,0.0,0.0,
tt0305859,0.0,0.0,
tt0306135,0.0,0.0,NR
tt0306359,0.0,0.0,
tt0306474,0.0,0.0,
tt0306568,2000.0,0.0,
tt0306651,0.0,0.0,
tt0306708,0.0,0.0,
tt0306741,0.0,0.0,
tt0306951,0.0,0.0,
tt0307109,40000.0,0.0,
tt0307213,0.0,62100.0,
tt0307448,0.0,0.0,R
tt0307680,0.0,0.0,
tt0308049,0.0,0.0,
tt0308280,0.0,0.0,
tt0308977,0.0,0.0,
tt0309291,0.0,0.0,
tt0309694,0.0,0.0,
tt0309734,0.0,0.0,
tt0310149,0.0,77567.0,
tt0310790,3747230.0,482902.0,PG
tt0311361,100000.0,0.0,R
tt0311939,0.0,0.0,
tt0312014,0.0,0.0,
tt0312297,0.0,0.0,NR
tt0312412,0.0,0.0,
tt0312499,0.0,0.0,
tt0312563,0.0,0.0,
tt0312687,0.0,0.0,
tt0312843,250000.0,0.0,
tt0312932,0.0,0.0,
tt0313342,0.0,0.0,
tt0313403,0.0,0.0,
tt0313812,0.0,0.0,
tt0314134,0.0,0.0,
tt0314474,0.0,0.0,
tt0314789,0.0,0.0,
tt0315521,0.0,0.0,
tt0316729,0.0,0.0,
tt0316955,0.0,0.0,
tt0317333,0.0,0.0,
tt0317657,0.0,0.0,
tt0317743,0.0,0.0,
tt0318073,0.0,0.0,
tt0318284,0.0,0.0,
tt0318359,0.0,0.0,
tt0318819,0.0,0.0,R
tt0320641,0.0,0.0,
tt0320671,0.0,0.0,
tt0321649,0.0,0.0,
tt0321959,0.0,0.0,R
tt0322189,0.0,0.0,
tt0322232,0.0,0.0,
tt0322423,0.0,0.0,
tt0322645,10540.0,0.0,PG-13
tt0323458,0.0,0.0,
tt0324368,0.0,0.0,
tt0325043,0.0,0.0,
tt0325170,0.0,0.0,
tt0325730,0.0,0.0,
tt0326009,0.0,0.0,
tt0327730,0.0,0.0,
tt0328033,0.0,0.0,
tt0328226,0.0,0.0,NR
tt0328420,0.0,0.0,
tt0328567,0.0,0.0,
tt0329276,0.0,0.0,
tt0329589,0.0,0.0,PG
tt0329768,0.0,0.0,
tt0329777,0.0,0.0,
tt0329792,0.0,0.0,
tt0330147,0.0,0.0,
tt0330410,0.0,0.0,
tt0331097,0.0,0.0,
tt0331262,0.0,0.0,
tt0332129,0.0,0.0,
tt0332260,0.0,0.0,
tt0337024,0.0,0.0,
tt0337628,0.0,0.0,
tt0338565,0.0,0.0,
tt0338988,0.0,0.0,NR
tt0339006,0.0,0.0,
tt0339847,0.0,0.0,
tt0341571,0.0,0.0,
tt0343175,0.0,0.0,
tt0343755,0.0,0.0,
tt0347014,1200000.0,0.0,NR
tt0349470,0.0,0.0,
tt0354981,545.0,0.0,
tt0355052,0.0,0.0,
tt0355857,0.0,16234.0,
tt0363057,0.0,0.0,
tt0363277,0.0,0.0,
tt0364722,1000000.0,0.0,R
tt0364977,0.0,0.0,
tt0365111,0.0,0.0,
tt0365671,0.0,0.0,
tt0367187,0.0,0.0,
tt0367258,0.0,0.0,
tt0367942,0.0,0.0,
tt0368296,0.0,0.0,
tt0368652,0.0,0.0,NR
tt0370081,0.0,0.0,
tt0371301,0.0,0.0,
tt0373081,0.0,0.0,
tt0374076,0.0,0.0,
tt0382176,0.0,0.0,
tt0386422,0.0,0.0,
tt0388130,0.0,0.0,
tt0389371,0.0,0.0,
tt0389418,0.0,0.0,
tt0392759,0.0,0.0,
tt0396551,0.0,0.0,
tt0403665,0.0,0.0,
tt0403951,0.0,0.0,
tt0409941,0.0,0.0,
tt0410921,0.0,0.0,
tt0411396,0.0,0.0,
tt0413669,35000.0,0.0,
tt0416217,0.0,0.0,
tt0419765,0.0,0.0,
tt0422262,0.0,0.0,
tt0422984,0.0,0.0,
tt0427813,0.0,0.0,
tt0432057,0.0,0.0,NR
tt0433683,0.0,0.0,
tt0433694,30000.0,0.0,
tt0439449,7000.0,0.0,
tt0441561,0.0,0.0,
tt0441667,0.0,0.0,
tt0445841,12500000.0,123021750.0,
tt0446493,0.0,0.0,
tt0447257,0.0,0.0,
tt0450497,0.0,0.0,
tt0459405,0.0,0.0,
tt0465920,0.0,0.0,
tt0466842,0.0,0.0,
tt0479028,0.0,0.0,
tt0482218,0.0,0.0,
tt0487759,0.0,0.0,
tt0777822,0.0,0.0,
tt0777881,0.0,0.0,
tt0793607,0.0,0.0,
tt0810831,0.0,0.0,G
tt0831848,0.0,0.0,
tt0832449,0.0,0.0,PG-13
tt0867181,5000.0,0.0,
tt0880482,0.0,0.0,
tt1039952,500000.0,500000.0,
tt1073223,0.0,0.0,PG-13
tt1087646,0.0,0.0,
tt1093394,0.0,0.0,
tt1105323,0.0,0.0,
tt1105375,0.0,0.0,
tt1283956,0.0,0.0,
tt1301716,0.0,0.0,
tt1304996,0.0,0.0,
tt1344376,0.0,0.0,
tt14234708,0.0,0.0,
tt1431314,0.0,0.0,
tt15554712,0.0,0.0,
tt1639320,0.0,0.0,
tt1720942,0.0,0.0,
tt1764172,250000.0,0.0,
tt1900940,0.0,0.0,
tt1907617,0.0,0.0,
tt1924315,0.0,0.0,
tt19637696,0.0,0.0,
tt1967539,0.0,0.0,
tt2032554,0.0,0.0,
tt2162703,0.0,0.0,
tt2253998,0.0,0.0,
tt2487986,0.0,0.0,
tt27054330,0.0,0.0,
tt2742202,0.0,0.0,
tt2756880,0.0,0.0,
tt2957918,2000.0,0.0,
tt2960870,0.0,0.0,
tt2980774,0.0,0.0,
tt3041064,0.0,0.0,NR
tt3162630,0.0,0.0,
tt3165660,0.0,0.0,
tt3463178,0.0,0.0,
tt3505916,0.0,0.0,
tt3552620,0.0,0.0,
tt4165204,0.0,0.0,
tt4184478,0.0,0.0,
tt4216744,0.0,0.0,
tt4219002,0.0,0.0,
tt4219018,0.0,0.0,
tt4523400,0.0,0.0,
tt4719902,0.0,0.0,
tt5239916,0.0,0.0,
tt5934296,0.0,0.0,
tt7797670,0.0,0.0,
tt7797790,0.0,0.0,
tt8665056,0.0,0.0,
tt8795764,0.0,0.0,NR
tt9071078,0.0,0.0,
